611e5c3a58a3c2b78385556368c5230e,scanoss,webhook,1.0,https://github.com/scanoss/webhook/archive/1.0.tar.gz
611e5c3a58a3c2b78385556368c5230e,scanoss,webhook,1.0,https://github.com/scanoss/webhook/archive/1.0.tar.gz
611e5c3a58a3c2b78385556368c5230e,scanoss,webhook,1.0,https://github.com/scanoss/webhook/archive/1.0.tar.gz
611e5c3a58a3c2b78385556368c5230e,scanoss,webhook,1.0,https://github.com/scanoss/webhook/archive/1.0.tar.gz
611e5c3a58a3c2b78385556368c5230e,scanoss,webhook,1.0,https://github.com/scanoss/webhook/archive/1.0.tar.gz
611e5c3a58a3c2b78385556368c5230e,scanoss,webhook,1.0,https://github.com/scanoss/webhook/archive/1.0.tar.gz
611e5c3a58a3c2b78385556368c5230e,scanoss,webhook,1.0,https://github.com/scanoss/webhook/archive/1.0.tar.gz
611e5c3a58a3c2b78385556368c5230e,scanoss,webhook,1.0,https://github.com/scanoss/webhook/archive/1.0.tar.gz
611e5c3a58a3c2b78385556368c5230e,scanoss,webhook,1.0,https://github.com/scanoss/webhook/archive/1.0.tar.gz
611e5c3a58a3c2b78385556368c5230e,scanoss,webhook,1.0,https://github.com/scanoss/webhook/archive/1.0.tar.gz
611e5c3a58a3c2b78385556368c5230e,scanoss,webhook,1.0,https://github.com/scanoss/webhook/archive/1.0.tar.gz
611e5c3a58a3c2b78385556368c5230e,scanoss,webhook,1.0,https://github.com/scanoss/webhook/archive/1.0.tar.gz
611e5c3a58a3c2b78385556368c5230e,scanoss,webhook,1.0,https://github.com/scanoss/webhook/archive/1.0.tar.gz
611e5c3a58a3c2b78385556368c5230e,scanoss,webhook,1.0,https://github.com/scanoss/webhook/archive/1.0.tar.gz
611e5c3a58a3c2b78385556368c5230e,scanoss,webhook,1.0,https://github.com/scanoss/webhook/archive/1.0.tar.gz
611e5c3a58a3c2b78385556368c5230e,scanoss,webhook,1.0,https://github.com/scanoss/webhook/archive/1.0.tar.gz
611e5c3a58a3c2b78385556368c5230e,scanoss,webhook,1.0,https://github.com/scanoss/webhook/archive/1.0.tar.gz
611e5c3a58a3c2b78385556368c5230e,scanoss,webhook,1.0,https://github.com/scanoss/webhook/archive/1.0.tar.gz
611e5c3a58a3c2b78385556368c5230e,scanoss,webhook,1.0,https://github.com/scanoss/webhook/archive/1.0.tar.gz
611e5c3a58a3c2b78385556368c5230e,scanoss,webhook,1.0,https://github.com/scanoss/webhook/archive/1.0.tar.gz
611e5c3a58a3c2b78385556368c5230e,scanoss,webhook,1.0,https://github.com/scanoss/webhook/archive/1.0.tar.gz
e2c27b3f8519318ad64eca47725e6de8,scanoss,webhook,1.0,https://github.com/n3oxmind/DES-Cryptography/archive/master.zip
e2c27b3f8519318ad64eca47725e6de8,scanoss,webhook,1.0,https://github.com/n3oxmind/DES-Cryptography/archive/master.zip
e2c27b3f8519318ad64eca47725e6de8,scanoss,webhook,1.0,https://github.com/n3oxmind/DES-Cryptography/archive/master.zip
e2c27b3f8519318ad64eca47725e6de8,scanoss,webhook,1.0,https://github.com/n3oxmind/DES-Cryptography/archive/master.zip
e2c27b3f8519318ad64eca47725e6de8,scanoss,webhook,1.0,https://github.com/n3oxmind/DES-Cryptography/archive/master.zip
e2c27b3f8519318ad64eca47725e6de8,scanoss,webhook,1.0,https://github.com/n3oxmind/DES-Cryptography/archive/master.zip
e2c27b3f8519318ad64eca47725e6de8,scanoss,webhook,1.0,https://github.com/n3oxmind/DES-Cryptography/archive/master.zip
e2c27b3f8519318ad64eca47725e6de8,scanoss,webhook,1.0,https://github.com/n3oxmind/DES-Cryptography/archive/master.zip
e2c27b3f8519318ad64eca47725e6de8,scanoss,webhook,1.0,https://github.com/n3oxmind/DES-Cryptography/archive/master.zip
e2c27b3f8519318ad64eca47725e6de8,scanoss,webhook,1.0,https://github.com/n3oxmind/DES-Cryptography/archive/master.zip
e2c27b3f8519318ad64eca47725e6de8,scanoss,webhook,1.0,https://github.com/n3oxmind/DES-Cryptography/archive/master.zip
e2c27b3f8519318ad64eca47725e6de8,scanoss,webhook,1.0,https://github.com/n3oxmind/DES-Cryptography/archive/master.zip
e2c27b3f8519318ad64eca47725e6de8,scanoss,webhook,1.0,https://github.com/n3oxmind/DES-Cryptography/archive/master.zip
e2c27b3f8519318ad64eca47725e6de8,scanoss,webhook,1.0,https://github.com/n3oxmind/DES-Cryptography/archive/master.zip
e2c27b3f8519318ad64eca47725e6de8,scanoss,webhook,1.0,https://github.com/n3oxmind/DES-Cryptography/archive/master.zip
e2c27b3f8519318ad64eca47725e6de8,scanoss,webhook,1.0,https://github.com/n3oxmind/DES-Cryptography/archive/master.zip
611e5c3a58a3c2b78385556368c5230e,scanoss,webhook,1.0,https://github.com/scanoss/webhook/archive/1.0.tar.gz
611e5c3a58a3c2b78385556368c5230e,scanoss,webhook,1.0,https://github.com/scanoss/webhook/archive/1.0.tar.gz
611e5c3a58a3c2b78385556368c5230e,scanoss,webhook,1.0,https://github.com/scanoss/webhook/archive/1.0.tar.gz
611e5c3a58a3c2b78385556368c5230e,scanoss,webhook,1.0,https://github.com/scanoss/webhook/archive/1.0.tar.gz
611e5c3a58a3c2b78385556368c5230e,scanoss,webhook,1.0,https://github.com/scanoss/webhook/archive/1.0.tar.gz
611e5c3a58a3c2b78385556368c5230e,scanoss,webhook,1.0,https://github.com/scanoss/webhook/archive/1.0.tar.gz
611e5c3a58a3c2b78385556368c5230e,scanoss,webhook,1.0,https://github.com/scanoss/webhook/archive/1.0.tar.gz
611e5c3a58a3c2b78385556368c5230e,scanoss,webhook,1.0,https://github.com/scanoss/webhook/archive/1.0.tar.gz
611e5c3a58a3c2b78385556368c5230e,scanoss,webhook,1.0,https://github.com/scanoss/webhook/archive/1.0.tar.gz
611e5c3a58a3c2b78385556368c5230e,scanoss,webhook,1.0,https://github.com/scanoss/webhook/archive/1.0.tar.gz
611e5c3a58a3c2b78385556368c5230e,scanoss,webhook,1.0,https://github.com/scanoss/webhook/archive/1.0.tar.gz
611e5c3a58a3c2b78385556368c5230e,scanoss,webhook,1.0,https://github.com/scanoss/webhook/archive/1.0.tar.gz
611e5c3a58a3c2b78385556368c5230e,scanoss,webhook,1.0,https://github.com/scanoss/webhook/archive/1.0.tar.gz
611e5c3a58a3c2b78385556368c5230e,scanoss,webhook,1.0,https://github.com/scanoss/webhook/archive/1.0.tar.gz
611e5c3a58a3c2b78385556368c5230e,scanoss,webhook,1.0,https://github.com/scanoss/webhook/archive/1.0.tar.gz
611e5c3a58a3c2b78385556368c5230e,scanoss,webhook,1.0,https://github.com/scanoss/webhook/archive/1.0.tar.gz
611e5c3a58a3c2b78385556368c5230e,scanoss,webhook,1.0,https://github.com/scanoss/webhook/archive/1.0.tar.gz
611e5c3a58a3c2b78385556368c5230e,scanoss,webhook,1.0,https://github.com/scanoss/webhook/archive/1.0.tar.gz
611e5c3a58a3c2b78385556368c5230e,scanoss,webhook,1.0,https://github.com/scanoss/webhook/archive/1.0.tar.gz
611e5c3a58a3c2b78385556368c5230e,scanoss,webhook,1.0,https://github.com/scanoss/webhook/archive/1.0.tar.gz
611e5c3a58a3c2b78385556368c5230e,scanoss,webhook,1.0,https://github.com/scanoss/webhook/archive/1.0.tar.gz
611e5c3a58a3c2b78385556368c5230e,scanoss,webhook,1.0,https://github.com/scanoss/webhook/archive/1.0.tar.gz
611e5c3a58a3c2b78385556368c5230e,scanoss,webhook,1.0,https://github.com/scanoss/webhook/archive/1.0.tar.gz
611e5c3a58a3c2b78385556368c5230e,scanoss,webhook,1.0,https://github.com/scanoss/webhook/archive/1.0.tar.gz
611e5c3a58a3c2b78385556368c5230e,scanoss,webhook,1.0,https://github.com/scanoss/webhook/archive/1.0.tar.gz
611e5c3a58a3c2b78385556368c5230e,scanoss,webhook,1.0,https://github.com/scanoss/webhook/archive/1.0.tar.gz
611e5c3a58a3c2b78385556368c5230e,scanoss,webhook,1.0,https://github.com/scanoss/webhook/archive/1.0.tar.gz
611e5c3a58a3c2b78385556368c5230e,scanoss,webhook,1.0,https://github.com/scanoss/webhook/archive/1.0.tar.gz
611e5c3a58a3c2b78385556368c5230e,scanoss,webhook,1.0,https://github.com/scanoss/webhook/archive/1.0.tar.gz
611e5c3a58a3c2b78385556368c5230e,scanoss,webhook,1.0,https://github.com/scanoss/webhook/archive/1.0.tar.gz
611e5c3a58a3c2b78385556368c5230e,scanoss,webhook,1.0,https://github.com/scanoss/webhook/archive/1.0.tar.gz
611e5c3a58a3c2b78385556368c5230e,scanoss,webhook,1.0,https://github.com/scanoss/webhook/archive/1.0.tar.gz
611e5c3a58a3c2b78385556368c5230e,scanoss,webhook,1.0,https://github.com/scanoss/webhook/archive/1.0.tar.gz
611e5c3a58a3c2b78385556368c5230e,scanoss,webhook,1.0,https://github.com/scanoss/webhook/archive/1.0.tar.gz
611e5c3a58a3c2b78385556368c5230e,scanoss,webhook,1.0,https://github.com/scanoss/webhook/archive/1.0.tar.gz
611e5c3a58a3c2b78385556368c5230e,scanoss,webhook,1.0,https://github.com/scanoss/webhook/archive/1.0.tar.gz
611e5c3a58a3c2b78385556368c5230e,scanoss,webhook,1.0,https://github.com/scanoss/webhook/archive/1.0.tar.gz
611e5c3a58a3c2b78385556368c5230e,scanoss,webhook,1.0,https://github.com/scanoss/webhook/archive/1.0.tar.gz
611e5c3a58a3c2b78385556368c5230e,scanoss,webhook,1.0,https://github.com/scanoss/webhook/archive/1.0.tar.gz
611e5c3a58a3c2b78385556368c5230e,scanoss,webhook,1.0,https://github.com/scanoss/webhook/archive/1.0.tar.gz
611e5c3a58a3c2b78385556368c5230e,scanoss,webhook,1.0,https://github.com/scanoss/webhook/archive/1.0.tar.gz
611e5c3a58a3c2b78385556368c5230e,scanoss,webhook,1.0,https://github.com/scanoss/webhook/archive/1.0.tar.gz
611e5c3a58a3c2b78385556368c5230e,scanoss,webhook,1.0,https://github.com/scanoss/webhook/archive/1.0.tar.gz
611e5c3a58a3c2b78385556368c5230e,scanoss,webhook,1.0,https://github.com/scanoss/webhook/archive/1.0.tar.gz
611e5c3a58a3c2b78385556368c5230e,scanoss,webhook,1.0,https://github.com/scanoss/webhook/archive/1.0.tar.gz
611e5c3a58a3c2b78385556368c5230e,scanoss,webhook,1.0,https://github.com/scanoss/webhook/archive/1.0.tar.gz
611e5c3a58a3c2b78385556368c5230e,scanoss,webhook,1.0,https://github.com/scanoss/webhook/archive/1.0.tar.gz
611e5c3a58a3c2b78385556368c5230e,scanoss,webhook,1.0,https://github.com/scanoss/webhook/archive/1.0.tar.gz
611e5c3a58a3c2b78385556368c5230e,scanoss,webhook,1.0,https://github.com/scanoss/webhook/archive/1.0.tar.gz
611e5c3a58a3c2b78385556368c5230e,scanoss,webhook,1.0,https://github.com/scanoss/webhook/archive/1.0.tar.gz
611e5c3a58a3c2b78385556368c5230e,scanoss,webhook,1.0,https://github.com/scanoss/webhook/archive/1.0.tar.gz
611e5c3a58a3c2b78385556368c5230e,scanoss,webhook,1.0,https://github.com/scanoss/webhook/archive/1.0.tar.gz
611e5c3a58a3c2b78385556368c5230e,scanoss,webhook,1.0,https://github.com/scanoss/webhook/archive/1.0.tar.gz
611e5c3a58a3c2b78385556368c5230e,scanoss,webhook,1.0,https://github.com/scanoss/webhook/archive/1.0.tar.gz
611e5c3a58a3c2b78385556368c5230e,scanoss,webhook,1.0,https://github.com/scanoss/webhook/archive/1.0.tar.gz
611e5c3a58a3c2b78385556368c5230e,scanoss,webhook,1.0,https://github.com/scanoss/webhook/archive/1.0.tar.gz
611e5c3a58a3c2b78385556368c5230e,scanoss,webhook,1.0,https://github.com/scanoss/webhook/archive/1.0.tar.gz
611e5c3a58a3c2b78385556368c5230e,scanoss,webhook,1.0,https://github.com/scanoss/webhook/archive/1.0.tar.gz
611e5c3a58a3c2b78385556368c5230e,scanoss,webhook,1.0,https://github.com/scanoss/webhook/archive/1.0.tar.gz
611e5c3a58a3c2b78385556368c5230e,scanoss,webhook,1.0,https://github.com/scanoss/webhook/archive/1.0.tar.gz
611e5c3a58a3c2b78385556368c5230e,scanoss,webhook,1.0,https://github.com/scanoss/webhook/archive/1.0.tar.gz
611e5c3a58a3c2b78385556368c5230e,scanoss,webhook,1.0,https://github.com/scanoss/webhook/archive/1.0.tar.gz
611e5c3a58a3c2b78385556368c5230e,scanoss,webhook,1.0,https://github.com/scanoss/webhook/archive/1.0.tar.gz
611e5c3a58a3c2b78385556368c5230e,scanoss,webhook,1.0,https://github.com/scanoss/webhook/archive/1.0.tar.gz
611e5c3a58a3c2b78385556368c5230e,scanoss,webhook,1.0,https://github.com/scanoss/webhook/archive/1.0.tar.gz
611e5c3a58a3c2b78385556368c5230e,scanoss,webhook,1.0,https://github.com/scanoss/webhook/archive/1.0.tar.gz
611e5c3a58a3c2b78385556368c5230e,scanoss,webhook,1.0,https://github.com/scanoss/webhook/archive/1.0.tar.gz
611e5c3a58a3c2b78385556368c5230e,scanoss,webhook,1.0,https://github.com/scanoss/webhook/archive/1.0.tar.gz
611e5c3a58a3c2b78385556368c5230e,scanoss,webhook,1.0,https://github.com/scanoss/webhook/archive/1.0.tar.gz
611e5c3a58a3c2b78385556368c5230e,scanoss,webhook,1.0,https://github.com/scanoss/webhook/archive/1.0.tar.gz
611e5c3a58a3c2b78385556368c5230e,scanoss,webhook,1.0,https://github.com/scanoss/webhook/archive/1.0.tar.gz
611e5c3a58a3c2b78385556368c5230e,scanoss,webhook,1.0,https://github.com/scanoss/webhook/archive/1.0.tar.gz
611e5c3a58a3c2b78385556368c5230e,scanoss,webhook,1.0,https://github.com/scanoss/webhook/archive/1.0.tar.gz
611e5c3a58a3c2b78385556368c5230e,scanoss,webhook,1.0,https://github.com/scanoss/webhook/archive/1.0.tar.gz
611e5c3a58a3c2b78385556368c5230e,scanoss,webhook,1.0,https://github.com/scanoss/webhook/archive/1.0.tar.gz
611e5c3a58a3c2b78385556368c5230e,scanoss,webhook,1.0,https://github.com/scanoss/webhook/archive/1.0.tar.gz
